{
    "device_type": "L515",
    "imus": [
        {
            "accelerometer": {
                "bias": [
                    0.09081830700590116,
                    0.12456423801794786,
                    0.015140620624069326
                ],
                "scale_and_alignment": [
                    1.007972882065597,
                    0.0205494645052203,
                    0.004519171784494951,
                    -0.016413454064751802,
                    1.0058940943621983,
                    -0.01262002103494253,
                    -0.013925653104717974,
                    0.011510249321654242,
                    1.0096867294936647
                ]
            },
            "gyroscope": {
                "bias": [
                    0.00038667918677176354,
                    0.0033201681082357334,
                    -0.0008524518435650242
                ],
                "scale_and_alignment": [
                    1.0,
                    0.0,
                    0.0,
                    0.0,
                    1.0,
                    0.0,
                    0.0,
                    0.0,
                    1.0
                ]
            }
        }
    ]
}